IS_AGENT,AGENT_COLLISION_COUNT,OBSTACLE_COLLISION_COUNT,AGENT_COMPLETION_TIME,TOTAL_METABOLIC_ENERGY,TOTAL_DEGREES_TURNED,AVG_ANGULAR_SPEED,MAX_INSTANT_ANG_SPEED,ANGULAR_INFLECTION_COUNT,TOTAL_DISTANCE,AVG_SPEED,MAX_INSTANT_SPEED,TOTAL_SPEED_CHANGE,AVG_SPEED_CHANGE,MAX_INSTANT_SPEED_CHANGE,SPEED_CHANGE_INFLECT_COUNT,TOTAL_ACCELERATION,AVG_ACCELERATION,MAX_INSTANT_ACCEL
1,0,0,13.78,12935.1,11.95102,0.8697978,63.41288,0,40.98539,2.978589,2.999878,0.05997086,0.004364691,2.999878,0,0.1384397,0.01007567,2.999878
1,0,0,15.62,12635.17,233.8846,15.01185,971.651,1,41.65643,2.670284,2.999999,0.05572646,0.003576795,2.999999,1,0.4633361,0.02973916,2.999999
1,0,0,16.28,12689.12,422.4466,26.01272,2813.703,0,42.0287,2.584791,3.000016,-3.149919E-05,-1.939605E-06,0.7664523,0,0.3593243,0.02212588,1.306757
1,0,0,17.08,14491.65,269.6171,15.8226,1601.425,0,47.10501,2.761138,2.999902,0.02037455,0.001195689,2.03443,0,0.474429,0.02784208,2.202501
1,3,0,18.36,14840.54,727.8089,39.72756,4468.423,0,48.33019,2.635234,3.000017,0.05956892,0.003251578,2.362931,0,1.005791,0.05490125,2.362931
1,4,0,18.72,14489.41,680.946,36.45321,3509.331,0,47.9488,2.564107,3.000041,0.009464867,0.0005066845,1.246509,1,0.6483613,0.03470885,1.769688
-1,8,3,18.9,17290.84,612.9786,32.50152,4780.918,0,54.67414,2.895876,3.000186,0.06000315,0.003181503,0.8335577,1,0.4770985,0.02529684,0.8335581
1,1,0,21.22,16462.16,829.4001,39.15959,8883.797,1,54.75944,2.582992,3.00001,0.01364456,0.0006442192,2.396769,1,1.388061,0.06553639,4.94565
1,0,0,21.74,16559.81,1135.869,52.3442,8157.378,0,55.69017,2.564004,3,0.01292124,0.0005954489,2.168163,0,1.154251,0.05319131,3.357319
