{"cameraMode":{"drawMode":0,"name":"Shaded","section":"Shading Mode"},"sceneLighting":false,"audioPlay":false,"sceneViewState":{"showFog":true,"showMaterialUpdate":false,"showSkybox":false,"showFlares":true,"showImageEffects":true,"showParticleSystems":true},"in2DMode":false,"pivot":{"x":4.491176128387451,"y":11.780742645263672,"z":31.928516387939454},"rotation":{"x":-0.012743827886879444,"y":-0.9841526746749878,"z":0.15812496840953828,"w":-0.07928789407014847},"size":5.71577787399292,"orthographic":false}